item,category,cook,status,price_rescaled,verify,cost,dine_price,dine_net,dine_contrib,dine_cm_pct,online_price,markup_pct,zom_net,zom_contrib,zom_cm_pct,swg_net,swg_contrib,swg_cm_pct,onl_contrib_unit_blended,dine_qty,onl_qty,total_qty,dine_contrib_total,onl_contrib_total,total_contrib
Aloo Samosa,Samosa Wala,Deep-fry,,,,5.37,25.0,23.81,18.44,77.4,35.0,40.0,18.13,12.76,36.4,20.76,15.39,44.0,13.36,3651,2334,5985,67324,31194,98518
Chole Bhature [2 Bhature],Chole Wala,Simmer,,,,33.23,150.0,142.86,109.63,76.7,189.0,26.0,97.88,64.65,34.2,112.11,78.88,41.7,67.92,445,632,1077,48785,42927,91712
Bhalla (chole Tikki),Chaat Wala,Deep-fry,,,,21.31,85.0,80.95,59.64,73.7,119.0,40.0,61.63,40.32,33.9,70.59,49.28,41.4,42.38,762,131,893,45446,5552,50998
Mathura Ki Special Kachori Sabji,Kachori Wala,Deep-fry,,,,9.27,32.5,30.95,21.68,70.1,54.0,66.2,27.96,18.69,34.6,32.03,22.76,42.2,19.63,1104,1296,2400,23935,25435,49370
Masala Poori Sabji [4 Pieces],Chole Wala,Deep-fry,,,,11.05,105.0,100.0,88.95,89.0,141.0,34.3,73.02,61.97,43.9,83.64,72.59,51.5,64.41,186,341,527,16545,21965,38510
Mathura Ki Special Bedai Sabji,Kachori Wala,Deep-fry,,,,6.11,32.5,30.95,24.84,80.3,54.0,66.2,27.96,21.85,40.5,32.03,25.92,48.0,22.79,751,686,1437,18655,15631,34286
Kulhad Lassi (250 Ml),Lassi,Assembled,,,,17.87,70.0,66.67,48.8,73.2,96.88,38.4,50.17,32.3,33.3,57.47,39.6,40.9,33.98,541,84,625,26401,2854,29255
Chole Kulche (2 Pc),Chole Wala,Simmer,,,,48.45,150.0,142.86,94.41,66.1,189.0,26.0,97.88,49.43,26.2,112.11,63.66,33.7,52.7,164,210,374,15483,11068,26551
Rasmalai - 100 Gms,Mithai,Milk-reduce,,,,21.34,80.0,76.19,54.85,72.0,,,,,,,,,,279,0,279,15303,0,15303
Jodhpur Special Pyaz Kachori,Kachori Wala,Deep-fry,,,,8.69,30.0,28.57,19.88,69.6,45.0,50.0,23.3,14.61,32.5,26.69,18.0,40.0,15.39,420,437,857,8350,6725,15075
Chole Samosa Chaat,Chaat Wala,Deep-fry,,,,18.38,70.0,66.67,48.29,72.4,70.0,0.0,36.25,17.87,25.5,41.52,23.14,33.1,19.08,247,159,406,11928,3034,14962
Kachori,Kachori Wala,Deep-fry,,,,8.63,20.0,19.05,10.42,54.7,30.0,50.0,15.54,6.91,23.0,17.8,9.17,30.6,7.43,860,640,1500,8961,4755,13716
Malpua (Desi Ghee),Mithai,Deep-fry,,,,13.12,700.0,666.67,653.55,98.0,,,,,,,,,,21,0,21,13711,0,13711
Aloo Paratha,Parathe,Tawa,,,,17.11,99.0,94.29,77.18,81.9,129.0,30.3,66.8,49.69,38.5,76.52,59.41,46.1,51.93,121,80,201,9339,4154,13493
Jalebi Desi Ghee (100 Grams),Mithai,Deep-fry,,,,16.95,60.0,57.14,40.19,70.3,80.09,33.5,41.48,24.53,30.6,47.51,30.56,38.2,25.92,142,290,432,5725,7516,13241
Aloo Pyaz Samosa [1 Samosa],Samosa Wala,Deep-fry,,,,5.37,27.5,26.19,20.82,79.5,41.0,49.1,21.23,15.86,38.7,24.32,18.95,46.2,16.57,205,530,735,4268,8782,13050
Special Kesar Rabdi - 100grams,Mithai,Milk-reduce,,,,21.41,80.0,76.19,54.78,71.9,84.15,5.2,43.58,22.17,26.3,49.92,28.51,33.9,23.63,180,112,292,9852,2646,12498
Dahi Samosa Chaat,Chaat Wala,Deep-fry,,,,14.25,60.0,57.14,42.89,75.1,112.0,86.7,58.0,43.75,39.1,66.44,52.19,46.6,45.69,205,78,283,8792,3564,12356
Pyaz Pakora,Pakora,Deep-fry,STOPPED Aug-26,,"markup +154% looks like a portion or pack mismatch, confirm before acting",4.14,35.0,33.33,29.19,87.6,89.0,154.3,46.09,41.95,47.1,52.79,48.65,54.7,43.49,418,0,418,12201,0,12201
Mix Pakora,Pakora,Deep-fry,STOPPED Aug-26,,"markup +154% looks like a portion or pack mismatch, confirm before acting",2.84,35.0,33.33,30.49,91.5,89.0,154.3,46.09,43.25,48.6,52.79,49.95,56.1,44.79,398,0,398,12135,0,12135
Mathura Ka Peda,Mithai,Milk-reduce,,,,299.76,700.0,666.67,366.91,55.0,,,,,,,,,,32,0,32,11763,0,11763
Jalebi Desi Ghee,Mithai,Deep-fry,,,,16.95,600.0,571.43,554.48,97.0,,,,,,,,,,21,0,21,11544,0,11544
Malpua (Desi Ghee) - 100 Gms,Mithai,Deep-fry,,,,13.12,80.0,76.19,63.07,82.8,113.21,41.5,58.63,45.51,40.2,67.16,54.04,47.7,47.47,144,52,196,9051,2469,11520
Dahi Bhalla Papdi,Chaat Wala,Deep-fry,,,,21.31,100.0,95.24,73.93,77.6,129.0,29.0,66.8,45.49,35.3,76.52,55.21,42.8,47.73,63,106,169,4658,5059,9717
Special Kesar Rabdi,Mithai,Milk-reduce,,,,21.41,700.0,666.67,645.26,96.8,,,,,,,,,,15,0,15,9653,0,9653
Matar Kulche (2 Pc),Chole Wala,Simmer,,,,44.71,150.0,142.86,98.15,68.7,184.92,23.3,95.76,51.05,27.6,109.69,64.98,35.1,54.25,28,111,139,2748,6022,8770
Rabdi Jalebi,Mithai,Milk-reduce,,,,38.36,140.0,133.33,94.97,71.2,,,,,,,,,,90,0,90,8547,0,8547
Rabdi Jalebi (200 Grams),Mithai,Milk-reduce,,,,38.36,140.0,133.33,94.97,71.2,161.83,15.6,83.81,45.45,28.1,96.0,57.64,35.6,48.25,0,175,175,0,8444,8444
Kala Jamun (1pc),Mithai,Deep-fry,,,,12.22,42.27,40.26,28.04,69.6,55.0,30.1,28.48,16.26,29.6,32.63,20.41,37.1,17.21,242,82,324,6786,1412,8198
Aloo Pyaz Paratha,Parathe,Tawa,,,,16.77,99.0,94.29,77.52,82.2,129.0,30.3,66.8,50.03,38.8,76.52,59.75,46.3,52.27,48,78,126,3721,4077,7798
Raj Kachori,Chaat Wala,Deep-fry,,,,36.7,90.0,85.71,49.01,57.2,129.0,43.3,66.8,30.1,23.3,76.52,39.82,30.9,32.34,128,31,159,6273,1002,7275
Kadhi Pakoda Rice/Kadhi Chawal,Rice,Simmer,,,,22.26,129.0,122.86,100.6,81.9,159.0,23.3,82.34,60.08,37.8,94.32,72.06,45.3,62.84,71,0,71,7143,0,7143
Bread Pakoda,Snacks,Deep-fry,STOPPED Aug-26,,,16.07,35.0,33.33,17.26,51.8,45.0,28.6,23.3,7.23,16.1,26.69,10.62,23.6,8.01,354,65,419,6110,521,6631
Dahi Papri Chaat,Chaat Wala,Assembled,,,,24.77,90.0,85.71,60.94,71.1,,,,,,,,,,104,0,104,6338,0,6338
Sabji Samosa,Samosa Wala,Deep-fry,,,,6.01,35.0,33.33,27.32,82.0,45.0,28.6,23.3,17.29,38.4,26.69,20.68,46.0,18.07,185,51,236,5054,922,5976
Kesar Rasmalai,Mithai,Milk-reduce,,,,21.34,700.0,666.67,645.33,96.8,,,,,,,,,,9,0,9,5969,0,5969
Dahi Bhalla,Chaat Wala,Deep-fry,,,,23.51,90.0,85.71,62.2,72.6,,,,,,,,,,86,0,86,5349,0,5349
Bedai,Kachori Wala,Deep-fry,,,,5.47,22.5,21.43,15.96,74.5,30.0,33.3,15.54,10.07,33.6,17.8,12.33,41.1,10.59,141,289,430,2250,3060,5310
Paneer Paratha,Parathe,Tawa,,,,28.8,129.0,122.86,94.06,76.6,159.0,23.3,82.34,53.54,33.7,94.32,65.52,41.2,56.3,43,20,63,4045,1126,5171
Moong Dal Halwa (100 Gms),Halwa,Milk-reduce,,,,16.09,90.0,85.71,69.62,81.2,,,,,,,,,,66,0,66,4630,0,4630
Dahi Kachori Chaat,Chaat Wala,Deep-fry,,,,13.41,60.0,57.14,43.73,76.5,,,,,,,,,,103,0,103,4504,0,4504
Masala Chaas (Full),Lassi,Assembled,,,,8.0,45.0,42.86,34.86,81.3,,,,,,,,,,124,0,124,4323,0,4323
Jalebi Desi Ghee (250 Gms),Mithai,Deep-fry,,yes,,42.38,150.0,142.86,100.48,70.3,175.0,16.7,90.63,48.25,27.6,103.81,61.43,35.1,51.28,0,78,78,0,4000,4000
Mirchi Bada [2pcs],Pakora,Deep-fry,STOPPED Aug-26,,"markup +122% looks like a portion or pack mismatch, confirm before acting",22.87,40.0,38.1,15.23,40.0,89.0,122.5,46.09,23.22,26.1,52.79,29.92,33.6,24.76,261,0,261,3975,0,3975
Sooji Spdp 5 Pcs,Poori Wala,Assembled,,,,21.91,80.0,76.19,54.28,71.2,,,,,,,,,,68,0,68,3691,0,3691
Dahi Wada / Dahi Bhalla,Chaat Wala,Deep-fry,,,,23.51,,,,,119.0,,61.63,38.12,32.0,70.59,47.08,39.6,40.18,0,91,91,0,3656,3656
Kala Jamun (250 Gms),Mithai,Deep-fry,,,,12.22,,,,,261.0,,135.16,122.94,47.1,154.83,142.61,54.6,127.46,0,28,28,0,3569,3569
Kesar Rasmalai (100 Grams),Mithai,Milk-reduce,,yes,,21.34,70.0,66.67,45.33,68.0,109.95,57.1,56.94,35.6,32.4,65.22,43.88,39.9,37.5,0,94,94,0,3525,3525
Aloo Pyaz Sabji Samosa,Samosa Wala,Deep-fry,,,,6.01,40.0,38.1,32.09,84.2,50.0,25.0,25.89,19.88,39.8,29.66,23.65,47.3,20.75,54,86,140,1733,1784,3517
Sooji Dahi  Poori - 5 Pcs,Poori Wala,Deep-fry,,,,18.59,70.0,66.67,48.08,72.1,,,,,,,,,,72,0,72,3462,0,3462
Rajma Rice/Rajma Chawal,Rice,Simmer,,,,41.12,149.0,141.9,100.78,71.0,,,,,,,,,,32,0,32,3225,0,3225
Kesar Rasmalai (250 Gms),Mithai,Milk-reduce,,yes,,53.35,175.0,166.67,113.32,68.0,231.0,32.0,119.63,66.28,28.7,137.03,83.68,36.2,70.28,0,45,45,0,3163,3163
Chole Kachori Chaat,Chaat Wala,Deep-fry,,,,21.45,70.0,66.67,45.22,67.8,119.0,70.0,61.63,40.18,33.8,70.59,49.14,41.3,42.24,37,35,72,1673,1478,3151
Special Lassi (500 Gms),Lassi,Assembled,,,,35.74,120.0,114.29,78.55,68.7,172.47,43.7,89.32,53.58,31.1,102.31,66.57,38.6,56.57,26,19,45,2042,1075,3117
Kala Jamun (1kg),Mithai,Deep-fry,,,,12.22,761.9,725.62,713.4,98.3,1011.0,32.7,523.55,511.33,50.6,599.73,587.51,58.1,528.85,2,2,4,1784,1058,2842
Spl Kesar Rabdi (250 Gms),Mithai,Milk-reduce,,yes,,53.52,200.0,190.48,136.95,71.9,232.22,16.1,120.26,66.73,28.7,137.76,84.23,36.3,70.75,0,40,40,0,2830,2830
Dal Khichdi,Rice,Simmer,,,,39.35,129.0,122.86,83.51,68.0,159.0,23.3,82.34,42.99,27.0,94.32,54.97,34.6,45.75,32,0,32,2672,0,2672
Mix Paratha,Parathe,Tawa,,,,18.31,99.0,94.29,75.98,80.6,129.0,30.3,66.8,48.49,37.6,76.52,58.21,45.1,50.73,20,21,41,1520,1065,2585
Dal Makhni,Rice,Simmer,,,,37.3,149.0,141.9,104.6,73.7,189.0,26.8,97.88,60.58,32.1,112.11,74.81,39.6,63.85,20,6,26,2092,383,2475
Malpua (desi Ghee) (1 Kg),Mithai,Deep-fry,,yes,,131.2,800.0,761.9,630.7,82.8,891.0,11.4,461.41,330.21,37.1,528.54,397.34,44.6,345.65,0,7,7,0,2420,2420
Butter Roti/chapati,Roti,Tawa,,,,4.39,25.0,23.81,19.42,81.6,,,,,,,,,,124,0,124,2408,0,2408
Kesar Rasmalai (500 Gms),Mithai,Milk-reduce,,yes,,106.7,350.0,333.33,226.63,68.0,451.0,28.9,233.55,126.85,28.1,267.53,160.83,35.7,134.67,0,17,17,0,2289,2289
1 Plain Paratha + Dal Fry + Rice,Parathe,Tawa,,,,9.43,129.0,122.86,113.43,92.3,159.0,23.3,82.34,72.91,45.9,94.32,84.89,53.4,75.67,15,7,22,1701,530,2231
Dal Makhni Rice/Dal Makhni Chawal,Rice,Simmer,,,,37.3,179.0,170.48,133.18,78.1,219.0,22.3,113.41,76.11,34.8,129.91,92.61,42.3,79.91,16,0,16,2131,0,2131
Sooji Sev Poori 5 Psc,Poori Wala,Deep-fry,,,,21.29,60.0,57.14,35.85,62.7,,,,,,,,,,59,0,59,2115,0,2115
Chole,Chaat Wala,Deep-fry,,,,21.45,119.0,113.33,91.88,81.1,149.0,25.2,77.16,55.71,37.4,88.39,66.94,44.9,58.29,12,17,29,1103,991,2094
Jalebi Desi Ghee (500 Gms),Mithai,Deep-fry,,yes,,84.75,300.0,285.71,200.96,70.3,350.0,16.7,181.25,96.5,27.6,207.62,122.87,35.1,102.57,0,20,20,0,2051,2051
Mathura Ka Peda (250 Gms),Mithai,Milk-reduce,,yes,,74.94,175.0,166.67,91.73,55.0,242.5,38.6,125.58,50.64,20.9,143.85,68.91,28.4,54.84,0,36,36,0,1974,1974
Dal Fry Rice/Dal Fry Chawal,Rice,Simmer,,,,34.15,129.0,122.86,88.71,72.2,159.0,23.3,82.34,48.19,30.3,94.32,60.17,37.8,50.95,22,0,22,1952,0,1952
Methi Paratha,Parathe,Tawa,,,,16.41,99.0,94.29,77.88,82.6,129.0,30.3,66.8,50.39,39.1,76.52,60.11,46.6,52.63,14,16,30,1090,842,1932
Falhari Aloo Chaat,Chaat Wala,Assembled,,,,11.22,80.0,76.19,64.97,85.3,129.0,61.3,66.8,55.58,43.1,76.52,65.3,50.6,57.82,26,0,26,1689,0,1689
Paneer Paratha Meal,Parathe,Tawa,,,,28.8,,,,,249.0,,128.95,100.15,40.2,147.71,118.91,47.8,104.46,0,16,16,0,1671,1671
Aloo Chaat.,Chaat Wala,Assembled,,,,11.22,73.33,69.84,58.62,83.9,119.0,62.3,61.63,50.41,42.4,70.59,59.37,49.9,52.47,28,0,28,1641,0,1641
Dal Tadka Rice/Dal Tadka Chawal,Rice,Simmer,,,,41.19,149.0,141.9,100.71,71.0,179.0,20.1,92.7,51.51,28.8,106.18,64.99,36.3,54.61,16,0,16,1611,0,1611
Kala Jamun (500 Gms),Mithai,Deep-fry,,,,12.22,,,,,511.0,,264.63,252.41,49.4,303.13,290.91,56.9,261.26,0,6,6,0,1568,1568
Moong Dal Halwa (desi Ghee) (250 Gms),Halwa,Milk-reduce,,yes,,40.23,225.0,214.29,174.06,81.2,281.0,24.9,145.52,105.29,37.5,166.69,126.46,45.0,110.16,0,13,13,0,1432,1432
Atta Spdp -5 Pcs,Poori Wala,Assembled,,,,13.89,70.0,66.67,52.78,79.2,,,,,,,,,,27,0,27,1425,0,1425
Spl Kesar Rabdi (500 Gms),Mithai,Milk-reduce,,yes,,107.05,400.0,380.95,273.9,71.9,451.0,12.7,233.55,126.5,28.0,267.53,160.48,35.6,134.32,0,10,10,0,1343,1343
Kesar Rasmalai (1 Kg),Mithai,Milk-reduce,,,,213.4,700.0,666.67,453.27,68.0,891.0,27.3,461.41,248.01,27.8,528.54,315.14,35.4,263.45,0,5,5,0,1317,1317
Malpua (desi Ghee) (250 Gms),Mithai,Deep-fry,,yes,,32.8,200.0,190.48,157.68,82.8,235.64,17.8,122.03,89.23,37.9,139.78,106.98,45.4,93.31,0,14,14,0,1306,1306
Plain Rice,Rice,Simmer,,,,16.5,79.0,75.24,58.74,78.1,99.0,25.3,51.27,34.77,35.1,58.73,42.23,42.7,36.49,22,0,22,1292,0,1292
Masala Chaas (250 Ml),Lassi,Assembled,,,,8.0,45.0,42.86,34.86,81.3,,,,,,,,,,37,0,37,1290,0,1290
Chole Bhature Wala Bhojan,Chole Wala,Simmer,,,,33.23,150.0,142.86,109.63,76.7,189.0,26.0,97.88,64.65,34.2,112.11,78.88,41.7,67.92,11,0,11,1206,0,1206
1 Paneer Paratha + Chole/Rajma/Dal/Dal Makhni + Rice,Parathe,Tawa,,,,28.8,199.0,189.52,160.72,84.8,,,,,,,,,,7,0,7,1125,0,1125
Plain Paratha,Parathe,Tawa,,,,9.43,40.0,38.1,28.67,75.2,49.0,22.5,25.38,15.95,32.5,29.07,19.64,40.1,16.8,28,15,43,803,252,1055
Dal Khichdi Tadka,Rice,Simmer,,,,46.39,149.0,141.9,95.51,67.3,179.0,20.1,92.7,46.31,25.9,106.18,59.79,33.4,49.41,11,0,11,1051,0,1051
Moong Dal Halwa (desi Ghee) (500 Gms),Halwa,Milk-reduce,,yes,,80.45,450.0,428.57,348.12,81.2,541.0,20.2,280.16,199.71,36.9,320.92,240.47,44.4,209.08,0,5,5,0,1045,1045
Mathura Ka Peda (500 Gms),Mithai,Milk-reduce,,yes,,149.88,350.0,333.33,183.45,55.0,471.0,34.6,243.91,94.03,20.0,279.4,129.52,27.5,102.19,0,10,10,0,1022,1022
Mathura Ka Peda (1 Kg),Mithai,Milk-reduce,,yes,,299.76,700.0,666.67,366.91,55.0,931.0,33.0,482.13,182.37,19.6,552.27,252.51,27.1,198.5,0,5,5,0,993,993
Chole Chawal,Rice,Simmer,,,,32.33,149.0,141.9,109.57,77.2,179.0,20.1,92.7,60.37,33.7,106.18,73.85,41.3,63.47,8,0,8,877,0,877
Rajma,Rice,Simmer,,,,41.12,119.0,113.33,72.21,63.7,149.0,25.2,77.16,36.04,24.2,88.39,47.27,31.7,38.62,11,2,13,794,77,871
Atta Dahi Poori (5 Pc),Poori Wala,Deep-fry,,,,13.21,60.0,57.14,43.93,76.9,,,,,,,,,,19,0,19,835,0,835
Dal Tadka,Dal,Simmer,,,,25.27,119.0,113.33,88.06,77.7,149.0,25.2,77.16,51.89,34.8,88.39,63.12,42.4,54.47,6,5,11,528,272,800
Thandai (500 Ml),Doodh,Milk-reduce,,,,75.02,150.0,142.86,67.84,47.5,,,,,,,,,,9,0,9,611,0,611
Jalebi Desi Ghee (1 Kg),Mithai,Deep-fry,,,,169.5,600.0,571.43,401.93,70.3,810.0,35.0,419.46,249.96,30.9,480.49,310.99,38.4,264.0,0,2,2,0,528,528
Malpua (desi Ghee) (500 Gms),Mithai,Deep-fry,,yes,,65.6,400.0,380.95,315.35,82.8,451.0,12.7,233.55,167.95,37.2,267.53,201.93,44.8,175.77,0,3,3,0,527,527
Desi Chai,Chai,Boil,,,,7.13,20.0,19.05,11.92,62.6,,,,,,,,,,38,0,38,453,0,453
1 Paneer Paratha + Chole/Rajma/Dal/Dal Makhni + Rice + Raita + Sweet,Parathe,Tawa,,,,28.8,239.0,227.62,198.82,87.3,,,,,,,,,,2,0,2,398,0,398
Unlimited Chole Bhature,Chole Wala,Simmer,,,,33.23,150.0,142.86,109.63,76.7,,,,,,,,,,3,0,3,329,0,329
Extra Kadhi,Kachori Wala,Simmer,,,,3.52,20.0,19.05,15.53,81.5,,,,,,,,,,21,0,21,326,0,326
Dal Fry,Rice,Simmer,,,,34.15,99.0,94.29,60.14,63.8,129.0,30.3,66.8,32.65,25.3,76.52,42.37,32.8,34.89,4,2,6,241,70,311
Paneer Paratha Meal With Sweet,Parathe,Tawa,,,,28.8,,,,,299.0,,154.84,126.04,42.2,177.37,148.57,49.7,131.22,0,2,2,0,262,262
Masala Chaas (500 Ml),Lassi,Assembled,,,,8.0,45.0,42.86,34.86,81.3,,,,,,,,,,6,0,6,209,0,209
Dahi (1kg),Chaat Wala,Deep-fry,,yes,"markup +157% looks like a portion or pack mismatch, confirm before acting",13.41,190.48,181.41,168.0,92.6,490.0,157.2,253.75,240.34,49.0,290.67,277.26,56.6,248.83,1,0,1,185,0,185
Kesar Angoori Rasmalai,Mithai,Milk-reduce,,,,21.34,700.0,666.67,645.33,96.8,,,,,,,,,,0,0,0,161,0,161
1 Plain Paratha + Dal Fry + Rice + Raita + Sweet,Parathe,Tawa,,,,9.43,179.0,170.48,161.05,94.5,229.0,27.9,118.59,109.16,47.7,135.84,126.41,55.2,113.13,0,1,1,0,113,113
Dahi (100 Gms),Chaat Wala,Deep-fry,,,,13.41,,,,,49.0,,25.38,11.97,24.4,29.07,15.66,32.0,12.82,0,6,6,0,77,77
Kulhad Thandai (250 Ml),Doodh,Milk-reduce,,,,75.02,80.0,76.19,1.17,1.5,,,,,,,,,,28,0,28,33,0,33
Special Paneer Bread Pakoda (1 Pc),Snacks,Deep-fry,,,,16.07,50.0,47.62,31.55,66.3,71.0,42.0,36.77,20.7,29.2,42.12,26.05,36.7,21.93,1,0,1,32,0,32
Thandai (250 Ml),Doodh,Milk-reduce,,,,75.02,80.0,76.19,1.17,1.5,112.0,40.0,58.0,-17.02,-15.2,66.44,-8.58,-7.7,-15.08,20,0,20,23,0,23
